service_date,day_type,bus,rail_boardings,total_rides
01/01/2001,U,297192,126455,423647
01/02/2001,W,780827,501952,1282779
01/03/2001,W,824923,536432,1361355
01/04/2001,W,870021,550011,1420032
01/05/2001,W,890426,557917,1448343
01/06/2001,A,577401,255356,832757
01/07/2001,U,375831,169825,545656
01/08/2001,W,985221,590706,1575927
01/09/2001,W,978377,599905,1578282
01/10/2001,W,984884,602052,1586936
01/11/2001,W,995561,607503,1603064
01/12/2001,W,1018985,605252,1624237
01/13/2001,A,591791,270056,861847
01/14/2001,U,373091,174842,547933
01/15/2001,W,675845,412149,1087994
01/16/2001,W,1024367,622163,1646530
01/17/2001,W,1018690,620343,1639033
01/18/2001,W,1006996,618832,1625828
01/19/2001,W,909964,583851,1493815
01/20/2001,A,582348,263815,846163
01/21/2001,U,378381,172107,550488
01/22/2001,W,1005936,598777,1604713
01/23/2001,W,1019983,610352,1630335
01/24/2001,W,991661,606835,1598496
01/25/2001,W,1004257,609877,1614134
01/26/2001,W,965324,597039,1562363
01/27/2001,A,590836,268078,858914
01/28/2001,U,368819,174434,543253
01/29/2001,W,953532,587052,1540584
01/30/2001,W,982046,607858,1589904
01/31/2001,W,999392,610508,1609900
02/01/2001,W,1054608,615268,1669876
02/02/2001,W,966701,577767,1544468
02/03/2001,A,611703,263612,875315
02/04/2001,U,404212,178398,582610
02/05/2001,W,1045944,600588,1646532
02/06/2001,W,1039393,612435,1651828
02/07/2001,W,1015059,609022,1624081
02/08/2001,W,1007760,610237,1617997
02/09/2001,W,970826,593354,1564180
02/10/2001,A,605404,271313,876717
02/11/2001,U,405433,178810,584243
02/12/2001,W,872330,539393,1411723
02/13/2001,W,1050834,622753,1673587
02/14/2001,W,1004304,610966,1615270
02/15/2001,W,1028938,613323,1642261
02/16/2001,W,1033040,601418,1634458
02/17/2001,A,591717,269294,861011
02/18/2001,U,388788,176855,565643
02/19/2001,W,782447,457891,1240338
02/20/2001,W,1035400,610284,1645684
02/21/2001,W,986212,600133,1586345
02/22/2001,W,986399,606302,1592701
02/23/2001,W,1024235,602352,1626587
02/24/2001,A,505193,246795,751988
02/25/2001,U,351637,172132,523769
02/26/2001,W,1009329,609256,1618585
02/27/2001,W,1000630,609305,1609935
02/28/2001,W,990416,610013,1600429
03/01/2001,W,1051889,618440,1670329
03/02/2001,W,1062234,611578,1673812
03/03/2001,A,678870,286786,965656
03/04/2001,U,385978,178292,564270
03/05/2001,W,863086,549759,1412845
03/06/2001,W,1013530,603561,1617091
03/07/2001,W,1028462,616666,1645128
03/08/2001,W,1000946,611371,1612317
03/09/2001,W,1038368,606672,1645040
03/10/2001,A,633472,283251,916723
03/11/2001,U,410081,188228,598309
03/12/2001,W,979411,588857,1568268
03/13/2001,W,1017685,611347,1629032
03/14/2001,W,1025283,619417,1644700
03/15/2001,W,960667,596612,1557279
03/16/2001,W,923613,583359,1506972
03/17/2001,A,602158,343893,946051
03/18/2001,U,412146,194257,606403
03/19/2001,W,1021700,602469,1624169
03/20/2001,W,1034388,618340,1652728
03/21/2001,W,1029332,616764,1646096
03/22/2001,W,1030741,617815,1648556
03/23/2001,W,1030685,605605,1636290
03/24/2001,A,604139,277028,881167
03/25/2001,U,348817,170742,519559
03/26/2001,W,989316,583176,1572492
03/27/2001,W,1017904,600914,1618818
03/28/2001,W,1007699,601999,1609698
03/29/2001,W,1020098,605027,1625125
03/30/2001,W,978244,590403,1568647
03/31/2001,A,626223,280950,907173
04/01/2001,U,417716,192717,610433
04/02/2001,W,1023629,611098,1634727
04/03/2001,W,1057275,613993,1671268
04/04/2001,W,1047634,625348,1672982
04/05/2001,W,973118,606535,1579653
04/06/2001,W,1015046,611352,1626398
04/07/2001,A,642265,297971,940236
04/08/2001,U,437035,200720,637755
04/09/2001,W,998290,596418,1594708
04/10/2001,W,1024817,613311,1638128
04/11/2001,W,985906,606764,1592670
04/12/2001,W,991795,608691,1600486
04/13/2001,W,865706,527116,1392822
04/14/2001,A,628526,279728,908254
04/15/2001,U,364972,163191,528163
04/16/2001,W,859713,564614,1424327
04/17/2001,W,877834,583859,1461693
04/18/2001,W,907539,599600,1507139
04/19/2001,W,917518,596505,1514023
04/20/2001,W,922082,590659,1512741
04/21/2001,A,603039,293701,896740
04/22/2001,U,384255,185526,569781
04/23/2001,W,979788,590446,1570234
04/24/2001,W,1031150,618513,1649663
04/25/2001,W,977794,609447,1587241
04/26/2001,W,1028140,624617,1652757
04/27/2001,W,1034472,610723,1645195
04/28/2001,A,624970,289747,914717
04/29/2001,U,423377,200002,623379
04/30/2001,W,1008390,600424,1608814
05/01/2001,W,1067496,632996,1700492
05/02/2001,W,1034088,627894,1661982
05/03/2001,W,1065048,634792,1699840
05/04/2001,W,1046692,621087,1667779
05/05/2001,A,637957,307025,944982
05/06/2001,U,417760,206450,624210
05/07/2001,W,1007381,598338,1605719
05/08/2001,W,1044379,621604,1665983
05/09/2001,W,1041324,619928,1661252
05/10/2001,W,1018705,614067,1632772
05/11/2001,W,1004068,600295,1604363
05/12/2001,A,649008,289167,938175
05/13/2001,U,422270,200996,623266
05/14/2001,W,963027,581644,1544671
05/15/2001,W,1035512,633053,1668565
05/16/2001,W,995884,627978,1623862
05/17/2001,W,1006118,628882,1635000
05/18/2001,W,1027834,628829,1656663
05/19/2001,A,645603,315487,961090
05/20/2001,U,427040,217899,644939
05/21/2001,W,958236,590204,1548440
05/22/2001,W,1019568,637152,1656720
05/23/2001,W,978614,619656,1598270
05/24/2001,W,973423,615727,1589150
05/25/2001,W,988982,597892,1586874
05/26/2001,A,512958,269276,782234
05/27/2001,U,390535,208208,598743
05/28/2001,U,392906,191639,584545
05/29/2001,W,1003029,595375,1598404
05/30/2001,W,1002940,607442,1610382
05/31/2001,W,965359,602748,1568107
06/01/2001,W,1057056,611631,1668687
06/02/2001,A,618944,282212,901156
06/03/2001,U,432408,204795,637203
06/04/2001,W,1029447,599699,1629146
06/05/2001,W,935443,606051,1541494
06/06/2001,W,1004243,627572,1631815
06/07/2001,W,1004748,646177,1650925
06/08/2001,W,1012502,642049,1654551
06/09/2001,A,639444,358013,997457
06/10/2001,U,438393,242257,680650
06/11/2001,W,910186,586260,1496446
06/12/2001,W,946314,605737,1552051
06/13/2001,W,911372,599114,1510486
06/14/2001,W,891710,602538,1494248
06/15/2001,W,912712,612983,1525695
06/16/2001,A,675335,340782,1016117
06/17/2001,U,422714,237483,660197
06/18/2001,W,909937,590688,1500625
06/19/2001,W,944122,613028,1557150
06/20/2001,W,939471,612707,1552178
06/21/2001,W,900375,596076,1496451
06/22/2001,W,957514,626565,1584079
06/23/2001,A,631716,328467,960183
06/24/2001,U,443240,281620,724860
06/25/2001,W,947130,621006,1568136
06/26/2001,W,944301,635326,1579627
06/27/2001,W,944274,634994,1579268
06/28/2001,W,942731,611002,1553733
06/29/2001,W,996694,666587,1663281
06/30/2001,A,649995,363078,1013073
07/01/2001,U,435317,271052,706369
07/02/2001,W,958879,627767,1586646
07/03/2001,W,990209,827670,1817879
07/04/2001,U,461383,306172,767555
07/05/2001,W,918500,606574,1525074
07/06/2001,W,958011,643965,1601976
07/07/2001,A,599172,347374,946546
07/08/2001,U,439513,256208,695721
07/09/2001,W,935542,597633,1533175
07/10/2001,W,937066,610069,1547135
07/11/2001,W,960775,614294,1575069
07/12/2001,W,949551,636236,1585787
07/13/2001,W,957097,641244,1598341
07/14/2001,A,629660,333365,963025
07/15/2001,U,420137,241827,661964
07/16/2001,W,880246,623660,1503906
07/17/2001,W,920250,625940,1546190
07/18/2001,W,935427,612765,1548192
07/19/2001,W,949691,618451,1568142
07/20/2001,W,937942,610617,1548559
07/21/2001,A,593545,305457,899002
07/22/2001,U,379766,200473,580239
07/23/2001,W,854318,574685,1429003
07/24/2001,W,939133,630753,1569886
07/25/2001,W,874776,612547,1487323
07/26/2001,W,954848,636674,1591522
07/27/2001,W,933625,634484,1568109
07/28/2001,A,607195,357848,965043
07/29/2001,U,432534,236416,668950
07/30/2001,W,908372,586076,1494448
07/31/2001,W,884617,596502,1481119
08/01/2001,W,873553,612734,1486287
08/02/2001,W,790639,549367,1340006
08/03/2001,W,984483,603405,1587888
08/04/2001,A,648406,319386,967792
08/05/2001,U,453344,225172,678516
08/06/2001,W,907499,585919,1493418
08/07/2001,W,875431,610601,1486032
08/08/2001,W,854367,596163,1450530
08/09/2001,W,846305,602242,1448547
08/10/2001,W,946431,626136,1572567
08/11/2001,A,607614,323141,930755
08/12/2001,U,420182,234020,654202
08/13/2001,W,892382,571719,1464101
08/14/2001,W,866757,598019,1464776
08/15/2001,W,878793,584203,1462996
08/16/2001,W,800887,581402,1382289
08/17/2001,W,929083,598538,1527621
08/18/2001,A,569201,296970,866171
08/19/2001,U,439920,235842,675762
08/20/2001,W,876831,606101,1482932
08/21/2001,W,894995,608242,1503237
08/22/2001,W,864392,599157,1463549
08/23/2001,W,906026,612615,1518641
08/24/2001,W,926014,619276,1545290
08/25/2001,A,518211,290626,808837
08/26/2001,U,439715,245014,684729
08/27/2001,W,900370,590849,1491219
08/28/2001,W,933626,628532,1562158
08/29/2001,W,901782,625324,1527106
08/30/2001,W,913200,617044,1530244
08/31/2001,W,986749,616977,1603726
09/01/2001,A,639977,319699,959676
09/02/2001,U,470771,243520,714291
09/03/2001,U,448248,213584,661832
09/04/2001,W,1120482,625640,1746122
09/05/2001,W,1047878,644950,1692828
09/06/2001,W,1053246,644766,1698012
09/07/2001,W,1070339,659824,1730163
09/08/2001,A,645427,341332,986759
09/09/2001,U,492026,215773,707799
09/10/2001,W,1075781,661092,1736873
09/11/2001,W,957593,525953,1483546
09/12/2001,W,931165,588507,1519672
09/13/2001,W,1010171,607718,1617889
09/14/2001,W,1034666,613645,1648311
09/15/2001,A,615097,277875,892972
09/16/2001,U,417392,191270,608662
09/17/2001,W,919985,609381,1529366
09/18/2001,W,1039365,626518,1665883
09/19/2001,W,939442,625612,1565054
09/20/2001,W,973094,646112,1619206
09/21/2001,W,967583,626032,1593615
09/22/2001,A,641096,307331,948427
09/23/2001,U,361048,190813,551861
09/24/2001,W,940207,622061,1562268
09/25/2001,W,968563,638815,1607378
09/26/2001,W,1028542,639258,1667800
09/27/2001,W,1024125,642860,1666985
09/28/2001,W,1024142,645884,1670026
09/29/2001,A,639464,330008,969472
09/30/2001,U,412037,219852,631889
10/01/2001,W,1069361,639795,1709156
10/02/2001,W,1078342,658020,1736362
10/03/2001,W,1018388,657170,1675558
10/04/2001,W,902598,649681,1552279
10/05/2001,W,1034680,651273,1685953
10/06/2001,A,628587,326860,955447
10/07/2001,U,404926,287483,692409
10/08/2001,W,802729,531294,1334023
10/09/2001,W,1055377,645072,1700449
10/10/2001,W,898767,637568,1536335
10/11/2001,W,1025128,647937,1673065
10/12/2001,W,1000153,625089,1625242
10/13/2001,A,515481,273528,789009
10/14/2001,U,409065,209437,618502
10/15/2001,W,1037513,627937,1665450
10/16/2001,W,1022047,634396,1656443
10/17/2001,W,1036702,641266,1677968
10/18/2001,W,1017434,646140,1663574
10/19/2001,W,956423,642121,1598544
10/20/2001,A,632093,319399,951492
10/21/2001,U,433014,213638,646652
10/22/2001,W,1012782,621894,1634676
10/23/2001,W,1000304,638393,1638697
10/24/2001,W,867027,625218,1492245
10/25/2001,W,947047,618401,1565448
10/26/2001,W,981933,613047,1594980
10/27/2001,A,582223,291912,874135
10/28/2001,U,405374,208481,613855
10/29/2001,W,1019942,623086,1643028
10/30/2001,W,994503,629005,1623508
10/31/2001,W,978585,628587,1607172
11/01/2001,W,1029256,641642,1670898
11/02/2001,W,1042714,645966,1688680
11/03/2001,A,648350,315004,963354
11/04/2001,U,443453,222988,666441
11/05/2001,W,1057697,629864,1687561
11/06/2001,W,1044478,638448,1682926
11/07/2001,W,1033982,640396,1674378
11/08/2001,W,1004574,636400,1640974
11/09/2001,W,931849,620257,1552106
11/10/2001,A,618184,322793,940977
11/11/2001,U,416118,218931,635049
11/12/2001,W,812747,527242,1339989
11/13/2001,W,1026715,641101,1667816
11/14/2001,W,994462,624162,1618624
11/15/2001,W,983434,615519,1598953
11/16/2001,W,1046467,623566,1670033
11/17/2001,A,653210,354828,1008038
11/18/2001,U,414683,201199,615882
11/19/2001,W,999890,600948,1600838
11/20/2001,W,1005581,612391,1617972
11/21/2001,W,988420,589664,1578084
11/22/2001,U,322788,151915,474703
11/23/2001,W,641780,356646,998426
11/24/2001,A,504548,253414,757962
11/25/2001,U,373755,186416,560171
11/26/2001,W,993754,600439,1594193
11/27/2001,W,985583,613858,1599441
11/28/2001,W,981842,614405,1596247
11/29/2001,W,972155,613392,1585547
11/30/2001,W,1039082,625037,1664119
12/01/2001,A,640965,307646,948611
12/02/2001,U,418878,210748,629626
12/03/2001,W,1051222,599106,1650328
12/04/2001,W,1049416,613294,1662710
12/05/2001,W,1039940,622264,1662204
12/06/2001,W,1020021,623428,1643449
12/07/2001,W,1023743,618300,1642043
12/08/2001,A,620074,315639,935713
12/09/2001,U,406917,207697,614614
12/10/2001,W,1005376,597416,1602792
12/11/2001,W,1010462,614387,1624849
12/12/2001,W,981259,609660,1590919
12/13/2001,W,990166,610845,1601011
12/14/2001,W,982986,600798,1583784
12/15/2001,A,623138,319051,942189
12/16/2001,U,407448,213347,620795
12/17/2001,W,995060,593314,1588374
12/18/2001,W,1014592,608735,1623327
12/19/2001,W,958790,591815,1550605
12/20/2001,W,987827,586572,1574399
12/21/2001,W,994499,569456,1563955
12/22/2001,A,586969,268254,855223
12/23/2001,U,393359,184628,577987
12/24/2001,W,525908,257022,782930
12/25/2001,U,218872,93525,312397
12/26/2001,W,619967,380064,1000031
12/27/2001,W,690465,436814,1127279
12/28/2001,W,739404,456879,1196283
12/29/2001,A,473194,224772,697966
12/30/2001,U,306871,160102,466973
12/31/2001,W,650794,321388,972182
01/01/2002,U,294360,122471,416831
01/02/2002,W,766853,491630,1258483
01/03/2002,W,838088,523292,1361380
01/04/2002,W,858709,528849,1387558
01/05/2002,A,542470,245820,788290
01/06/2002,U,370508,177606,548114
01/07/2002,W,953807,568929,1522736
01/08/2002,W,973200,585667,1558867
01/09/2002,W,985622,591671,1577293
01/10/2002,W,974188,591742,1565930
01/11/2002,W,1006535,591718,1598253
01/12/2002,A,565955,266826,832781
01/13/2002,U,371378,176272,547650
01/14/2002,W,985931,593642,1579573
01/15/2002,W,983090,601489,1584579
01/16/2002,W,955758,608009,1563767
01/17/2002,W,968715,598282,1566997
01/18/2002,W,967930,581331,1549261
01/19/2002,A,556405,273407,829812
01/20/2002,U,374069,180903,554972
01/21/2002,W,648994,392312,1041306
01/22/2002,W,1012565,603877,1616442
01/23/2002,W,990484,600427,1590911
01/24/2002,W,1007218,605974,1613192
01/25/2002,W,1028432,601352,1629784
01/26/2002,A,611356,283489,894845
01/27/2002,U,408878,189116,597994
01/28/2002,W,1009923,595606,1605529
01/29/2002,W,979719,597598,1577317
01/30/2002,W,936013,602737,1538750
01/31/2002,W,879895,602988,1482883
02/01/2002,W,954707,585087,1539794
02/02/2002,A,614544,273954,888498
02/03/2002,U,401958,180019,581977
02/04/2002,W,988315,576117,1564432
02/05/2002,W,997471,596800,1594271
02/06/2002,W,1011650,597747,1609397
02/07/2002,W,1011915,600731,1612646
02/08/2002,W,1027036,594502,1621538
02/09/2002,A,650477,296011,946488
02/10/2002,U,379613,180097,559710
02/11/2002,W,985014,592118,1577132
02/12/2002,W,811567,541814,1353381
02/13/2002,W,1019675,612626,1632301
02/14/2002,W,1014122,609706,1623828
02/15/2002,W,1007654,589737,1597391
02/16/2002,A,617307,292835,910142
02/17/2002,U,423922,209261,633183
02/18/2002,W,759013,458524,1217537
02/19/2002,W,985390,597374,1582764
02/20/2002,W,986615,601360,1587975
02/21/2002,W,977261,603816,1581077
02/22/2002,W,1016162,592329,1608491
02/23/2002,A,629609,292764,922373
02/24/2002,U,421160,199343,620503
02/25/2002,W,979843,581612,1561455
02/26/2002,W,933204,587918,1521122
02/27/2002,W,939542,587701,1527243
02/28/2002,W,941136,592045,1533181
03/01/2002,W,973482,593596,1567078
03/02/2002,A,512767,264847,777614
03/03/2002,U,331715,174890,506605
03/04/2002,W,726815,493625,1220440
03/05/2002,W,978944,588656,1567600
03/06/2002,W,1008215,593126,1601341
03/07/2002,W,1008102,594952,1603054
03/08/2002,W,993813,587766,1581579
03/09/2002,A,493346,254471,747817
03/10/2002,U,361758,180401,542159
03/11/2002,W,1008613,591093,1599706
03/12/2002,W,1021380,612457,1633837
03/13/2002,W,1022145,615718,1637863
03/14/2002,W,1010579,607626,1618205
03/15/2002,W,1005654,591415,1597069
03/16/2002,A,615103,342098,957201
03/17/2002,U,390344,189640,579984
03/18/2002,W,992913,579486,1572399
03/19/2002,W,990801,590290,1581091
03/20/2002,W,993245,591401,1584646
03/21/2002,W,930667,574802,1505469
03/22/2002,W,961386,564876,1526262
03/23/2002,A,617210,290118,907328
03/24/2002,U,370997,190845,561842
03/25/2002,W,895573,544841,1440414
03/26/2002,W,938869,571086,1509955
03/27/2002,W,989393,580724,1570117
03/28/2002,W,965734,571056,1536790
03/29/2002,W,755230,472276,1227506
03/30/2002,A,616271,268843,885114
03/31/2002,U,377026,158135,535161
04/01/2002,W,971162,566861,1538023
04/02/2002,W,970537,585155,1555692
04/03/2002,W,1007100,597081,1604181
04/04/2002,W,995075,600930,1596005
04/05/2002,W,1014222,613919,1628141
04/06/2002,A,639707,318104,957811
04/07/2002,U,355354,180625,535979
04/08/2002,W,937560,578417,1515977
04/09/2002,W,1013106,607047,1620153
04/10/2002,W,1020986,618972,1639958
04/11/2002,W,1036014,629240,1665254
04/12/2002,W,917031,591700,1508731
04/13/2002,A,631465,308737,940202
04/14/2002,U,438900,210876,649776
04/15/2002,W,926258,586214,1512472
04/16/2002,W,899896,599906,1499802
04/17/2002,W,892185,593532,1485717
04/18/2002,W,896865,594280,1491145
04/19/2002,W,905545,591974,1497519
04/20/2002,A,574009,300177,874186
04/21/2002,U,356144,190405,546549
04/22/2002,W,974101,583247,1557348
04/23/2002,W,1021788,620463,1642251
04/24/2002,W,918721,602085,1520806
04/25/2002,W,1000933,626040,1626973
04/26/2002,W,1026348,615024,1641372
04/27/2002,A,513069,272746,785815
04/28/2002,U,365481,201038,566519
04/29/2002,W,1001321,584792,1586113
04/30/2002,W,1000608,604417,1605025
05/01/2002,W,1031532,605198,1636730
05/02/2002,W,976392,598086,1574478
05/03/2002,W,1075694,606513,1682207
05/04/2002,A,660227,312131,972358
05/05/2002,U,443915,207913,651828
05/06/2002,W,994227,598141,1592368
05/07/2002,W,1010608,616111,1626719
05/08/2002,W,968509,600435,1568944
05/09/2002,W,1009271,614202,1623473
05/10/2002,W,1047188,609528,1656716
05/11/2002,A,492841,252501,745342
05/12/2002,U,358446,185931,544377
05/13/2002,W,975822,570031,1545853
05/14/2002,W,1009365,598752,1608117
05/15/2002,W,1015551,600667,1616218
05/16/2002,W,906240,579727,1485967
05/17/2002,W,991682,583205,1574887
05/18/2002,A,638862,298727,937589
05/19/2002,U,419434,204421,623855
05/20/2002,W,994112,582646,1576758
05/21/2002,W,1008846,613667,1622513
05/22/2002,W,999920,618307,1618227
05/23/2002,W,969174,606199,1575373
05/24/2002,W,995434,576461,1571895
05/25/2002,A,558891,270672,829563
05/26/2002,U,436570,216172,652742
05/27/2002,U,395210,200876,596086
05/28/2002,W,959547,588932,1548479
05/29/2002,W,980049,601576,1581625
05/30/2002,W,990460,606972,1597432
05/31/2002,W,1040502,635809,1676311
06/01/2002,A,667264,371223,1038487
06/02/2002,U,423135,238648,661783
06/03/2002,W,1001778,583147,1584925
06/04/2002,W,915667,575065,1490732
06/05/2002,W,1005307,602096,1607403
06/06/2002,W,1044279,611344,1655623
06/07/2002,W,1036716,606193,1642909
06/08/2002,A,649574,323142,972716
06/09/2002,U,446760,228298,675058
06/10/2002,W,944065,583512,1527577
06/11/2002,W,969387,604162,1573549
06/12/2002,W,986714,606658,1593372
06/13/2002,W,967153,596032,1563185
06/14/2002,W,980140,605447,1585587
06/15/2002,A,644968,318379,963347
06/16/2002,U,456833,225229,682062
06/17/2002,W,980090,576747,1556837
06/18/2002,W,996706,619540,1616246
06/19/2002,W,992928,618449,1611377
06/20/2002,W,975703,628191,1603894
06/21/2002,W,979910,616117,1596027
06/22/2002,A,634013,341170,975183
06/23/2002,U,444454,232456,676910
06/24/2002,W,884749,597643,1482392
06/25/2002,W,926613,600847,1527460
06/26/2002,W,879533,601333,1480866
06/27/2002,W,914452,613276,1527728
06/28/2002,W,934562,650340,1584902
06/29/2002,A,636792,369705,1006497
06/30/2002,U,441101,309418,750519
07/01/2002,W,948966,601509,1550475
07/02/2002,W,955991,621541,1577532
07/03/2002,W,1004276,785621,1789897
07/04/2002,U,441126,279204,720330
07/05/2002,W,807831,500685,1308516
07/06/2002,A,597877,324834,922711
07/07/2002,U,445916,256321,702237
07/08/2002,W,929870,575055,1504925
07/09/2002,W,919623,579348,1498971
07/10/2002,W,941513,591208,1532721
07/11/2002,W,969657,594276,1563933
07/12/2002,W,963191,618865,1582056
07/13/2002,A,624850,324416,949266
07/14/2002,U,433166,239865,673031
07/15/2002,W,949705,608087,1557792
07/16/2002,W,946077,621832,1567909
07/17/2002,W,931752,595378,1527130
07/18/2002,W,942643,596288,1538931
07/19/2002,W,960153,612971,1573124
07/20/2002,A,635657,339113,974770
07/21/2002,U,412477,229156,641633
07/22/2002,W,900537,595784,1496321
07/23/2002,W,955084,623156,1578240
07/24/2002,W,945502,617518,1563020
07/25/2002,W,931679,608190,1539869
07/26/2002,W,942389,590601,1532990
07/27/2002,A,595484,327980,923464
07/28/2002,U,414913,215040,629953
07/29/2002,W,893147,565324,1458471
07/30/2002,W,934322,614162,1548484
07/31/2002,W,912632,603775,1516407
08/01/2002,W,969159,607964,1577123
08/02/2002,W,1004199,612785,1616984
08/03/2002,A,674990,325279,1000269
08/04/2002,U,451144,234620,685764
08/05/2002,W,941406,569627,1511033
08/06/2002,W,955681,592722,1548403
08/07/2002,W,940727,585313,1526040
08/08/2002,W,945096,589840,1534936
08/09/2002,W,968109,592938,1561047
08/10/2002,A,667701,340015,1007716
08/11/2002,U,437332,230526,667858
08/12/2002,W,908503,579800,1488303
08/13/2002,W,871791,578996,1450787
08/14/2002,W,893558,586107,1479665
08/15/2002,W,920323,599375,1519698
08/16/2002,W,903666,592393,1496059
08/17/2002,A,644076,340569,984645
08/18/2002,U,490868,285298,776166
08/19/2002,W,847798,545503,1393301
08/20/2002,W,918696,586734,1505430
08/21/2002,W,904673,572717,1477390
08/22/2002,W,829797,533893,1363690
08/23/2002,W,903292,570031,1473323
08/24/2002,A,625725,308392,934117
08/25/2002,U,441076,227484,668560
08/26/2002,W,920546,572967,1493513
08/27/2002,W,923644,596884,1520528
08/28/2002,W,922170,590348,1512518
08/29/2002,W,808555,532322,1340877
08/30/2002,W,987793,608056,1595849
08/31/2002,A,666152,345777,1011929
09/01/2002,U,477226,257229,734455
09/02/2002,U,381482,201136,582618
09/03/2002,W,1106907,625970,1732877
09/04/2002,W,1087925,634665,1722590
09/05/2002,W,1083538,634950,1718488
09/06/2002,W,1082951,634809,1717760
09/07/2002,A,643335,318886,962221
09/08/2002,U,439942,218716,658658
09/09/2002,W,1071206,630453,1701659
09/10/2002,W,1050992,640278,1691270
09/11/2002,W,1045640,631554,1677194
09/12/2002,W,1059762,645114,1704876
09/13/2002,W,1064345,655102,1719447
09/14/2002,A,642689,327322,970011
09/15/2002,U,421429,221310,642739
09/16/2002,W,1049667,617848,1667515
09/17/2002,W,1064546,644444,1708990
09/18/2002,W,1039162,643763,1682925
09/19/2002,W,1038608,640884,1679492
09/20/2002,W,1019280,626196,1645476
09/21/2002,A,674983,330553,1005536
09/22/2002,U,416973,215142,632115
09/23/2002,W,1055515,637798,1693313
09/24/2002,W,1055580,664958,1720538
09/25/2002,W,1064437,666345,1730782
09/26/2002,W,1057421,662347,1719768
09/27/2002,W,1058970,651373,1710343
09/28/2002,A,632188,338847,971035
09/29/2002,U,421618,232441,654059
09/30/2002,W,1048696,634065,1682761
10/01/2002,W,1098830,653561,1752391
10/02/2002,W,1059836,648879,1708715
10/03/2002,W,1100107,655905,1756012
10/04/2002,W,1024955,626723,1651678
10/05/2002,A,672805,338207,1011012
10/06/2002,U,423210,223075,646285
10/07/2002,W,1086922,641838,1728760
10/08/2002,W,1074824,650758,1725582
10/09/2002,W,1064324,648974,1713298
10/10/2002,W,1072954,655002,1727956
10/11/2002,W,1074197,658585,1732782
10/12/2002,A,612527,332781,945308
10/13/2002,U,407917,323103,731020
10/14/2002,W,806818,542057,1348875
10/15/2002,W,1068455,653527,1721982
10/16/2002,W,1036205,645880,1682085
10/17/2002,W,1030300,645590,1675890
10/18/2002,W,1059316,643043,1702359
10/19/2002,A,654965,333538,988503
10/20/2002,U,424767,222167,646934
10/21/2002,W,1057968,632256,1690224
10/22/2002,W,1047657,645112,1692769
10/23/2002,W,1013066,635553,1648619
10/24/2002,W,1014798,642039,1656837
10/25/2002,W,1022926,632981,1655907
10/26/2002,A,626185,331030,957215
10/27/2002,U,413385,217556,630941
10/28/2002,W,1041265,628314,1669579
10/29/2002,W,1025525,636398,1661923
10/30/2002,W,1036745,639993,1676738
10/31/2002,W,1000155,635297,1635452
11/01/2002,W,1069031,628183,1697214
11/02/2002,A,647400,313106,960506
11/03/2002,U,418620,211506,630126
11/04/2002,W,1072235,633872,1706107
11/05/2002,W,994530,613203,1607733
11/06/2002,W,1045767,644971,1690738
11/07/2002,W,1065889,664817,1730706
11/08/2002,W,995294,646927,1642221
11/09/2002,A,630142,329264,959406
11/10/2002,U,419858,220134,639992
11/11/2002,W,780558,519021,1299579
11/12/2002,W,1029700,637242,1666942
11/13/2002,W,1035982,635224,1671206
11/14/2002,W,956533,625010,1581543
11/15/2002,W,1042694,630267,1672961
11/16/2002,A,600110,314114,914224
11/17/2002,U,393692,204651,598343
11/18/2002,W,1018831,619368,1638199
11/19/2002,W,1058349,638719,1697068
11/20/2002,W,1033748,630680,1664428
11/21/2002,W,983825,621257,1605082
11/22/2002,W,1030889,618981,1649870
11/23/2002,A,631388,353053,984441
11/24/2002,U,393321,202257,595578
11/25/2002,W,992101,602628,1594729
11/26/2002,W,959679,611673,1571352
11/27/2002,W,946620,584367,1530987
11/28/2002,U,297477,145995,443472
11/29/2002,W,676405,367260,1043665
11/30/2002,A,525319,255100,780419
12/01/2002,U,362192,187150,549342
12/02/2002,W,966808,598780,1565588
12/03/2002,W,1007666,622071,1629737
12/04/2002,W,1003459,610601,1614060
12/05/2002,W,1005218,607822,1613040
12/06/2002,W,1018401,602004,1620405
12/07/2002,A,627855,318034,945889
12/08/2002,U,396717,202070,598787
12/09/2002,W,994622,575116,1569738
12/10/2002,W,1030456,601656,1632112
12/11/2002,W,1021640,603601,1625241
12/12/2002,W,1015667,602683,1618350
12/13/2002,W,1020480,600852,1621332
12/14/2002,A,653848,325639,979487
12/15/2002,U,435253,216394,651647
12/16/2002,W,1003932,577286,1581218
12/17/2002,W,985528,583328,1568856
12/18/2002,W,939870,571921,1511791
12/19/2002,W,1020038,590493,1610531
12/20/2002,W,984913,565925,1550838
12/21/2002,A,614025,284719,898744
12/22/2002,U,404210,194323,598533
12/23/2002,W,827316,467245,1294561
12/24/2002,W,621673,319916,941589
12/25/2002,U,237547,96846,334393
12/26/2002,W,661076,372317,1033393
12/27/2002,W,744896,424575,1169471
12/28/2002,A,528087,236606,764693
12/29/2002,U,380197,181081,561278
12/30/2002,W,773707,469806,1243513
12/31/2002,W,792623,456865,1249488
01/01/2003,U,325478,169985,495463
01/02/2003,W,757781,484840,1242621
01/03/2003,W,861580,515985,1377565
01/04/2003,A,570941,255217,826158
01/05/2003,U,377813,177159,554972
01/06/2003,W,982617,574868,1557485
01/07/2003,W,982542,580676,1563218
01/08/2003,W,1011812,592758,1604570
01/09/2003,W,979678,586435,1566113
01/10/2003,W,963808,567691,1531499
01/11/2003,A,506478,250051,756529
01/12/2003,U,346918,171467,518385
01/13/2003,W,973653,585781,1559434
01/14/2003,W,940805,594400,1535205
01/15/2003,W,928578,583104,1511682
01/16/2003,W,945280,591915,1537195
01/17/2003,W,973358,584772,1558130
01/18/2003,A,512435,261058,773493
01/19/2003,U,327279,172937,500216
01/20/2003,W,604089,375958,980047
01/21/2003,W,954156,590827,1544983
01/22/2003,W,912033,572491,1484524
01/23/2003,W,822317,541015,1363332
01/24/2003,W,893501,546353,1439854
01/25/2003,A,547944,259287,807231
01/26/2003,U,335046,168783,503829
01/27/2003,W,922033,564295,1486328
01/28/2003,W,952120,598146,1550266
01/29/2003,W,970605,594588,1565193
01/30/2003,W,993731,601060,1594791
01/31/2003,W,929004,577555,1506559
02/01/2003,A,639705,291226,930931
02/02/2003,U,415598,192294,607892
02/03/2003,W,1039918,596186,1636104
02/04/2003,W,980582,597044,1577626
02/05/2003,W,961776,585552,1547328
02/06/2003,W,981973,596888,1578861
02/07/2003,W,953979,573249,1527228
02/08/2003,A,563430,270521,833951
02/09/2003,U,367964,180861,548825
02/10/2003,W,948507,584120,1532627
02/11/2003,W,928346,592292,1520638
02/12/2003,W,749254,523192,1272446
02/13/2003,W,978871,597819,1576690
02/14/2003,W,985806,594045,1579851
02/15/2003,A,543945,271823,815768
02/16/2003,U,365939,188276,554215
02/17/2003,W,709845,447938,1157783
02/18/2003,W,974450,604717,1579167
02/19/2003,W,982943,605097,1588040
02/20/2003,W,988095,611766,1599861
02/21/2003,W,1005940,601156,1607096
02/22/2003,A,529921,276538,806459
02/23/2003,U,377363,185905,563268
02/24/2003,W,908324,574013,1482337
02/25/2003,W,897857,572520,1470377
02/26/2003,W,939161,588630,1527791
02/27/2003,W,951569,599144,1550713
02/28/2003,W,1011530,597504,1609034
03/01/2003,A,610177,291264,901441
03/02/2003,U,347417,182200,529617
03/03/2003,W,822165,535306,1357471
03/04/2003,W,964967,606043,1571010
03/05/2003,W,868551,583929,1452480
03/06/2003,W,874641,573715,1448356
03/07/2003,W,980484,584273,1564757
03/08/2003,A,550093,274523,824616
03/09/2003,U,335884,177874,513758
03/10/2003,W,916661,573635,1490296
03/11/2003,W,971894,601034,1572928
03/12/2003,W,981590,604333,1585923
03/13/2003,W,978881,609896,1588777
03/14/2003,W,1009566,615377,1624943
03/15/2003,A,637081,381570,1018651
03/16/2003,U,429227,235438,664665
03/17/2003,W,976703,597982,1574685
03/18/2003,W,963349,596226,1559575
03/19/2003,W,938499,586881,1525380
03/20/2003,W,936654,594341,1530995
03/21/2003,W,967479,588655,1556134
03/22/2003,A,577660,292329,869989
03/23/2003,U,410745,215626,626371
03/24/2003,W,962889,584149,1547038
03/25/2003,W,973017,594589,1567606
03/26/2003,W,968581,594924,1563505
03/27/2003,W,969195,593676,1562871
03/28/2003,W,815984,552242,1368226
03/29/2003,A,555638,280361,835999
03/30/2003,U,372071,191109,563180
03/31/2003,W,973924,577834,1551758
04/01/2003,W,1028531,603564,1632095
04/02/2003,W,1020829,602855,1623684
04/03/2003,W,995062,592074,1587136
04/04/2003,W,912458,572837,1485295
04/05/2003,A,593273,293496,886769
04/06/2003,U,370275,188467,558742
04/07/2003,W,873605,565391,1438996
04/08/2003,W,947482,599769,1547251
04/09/2003,W,986992,611985,1598977
04/10/2003,W,1007977,624279,1632256
04/11/2003,W,912918,600667,1513585
04/12/2003,A,602670,321354,924024
04/13/2003,U,407540,219553,627093
04/14/2003,W,904517,593473,1497990
04/15/2003,W,894368,606461,1500829
04/16/2003,W,836328,578259,1414587
04/17/2003,W,815274,563613,1378887
04/18/2003,W,769997,482196,1252193
04/19/2003,A,562148,263464,825612
04/20/2003,U,368478,172399,540877
04/21/2003,W,925231,572442,1497673
04/22/2003,W,964240,617403,1581643
04/23/2003,W,923474,613127,1536601
04/24/2003,W,961316,620140,1581456
04/25/2003,W,979369,595103,1574472
04/26/2003,A,588057,300728,888785
04/27/2003,U,403462,210716,614178
04/28/2003,W,962103,582145,1544248
04/29/2003,W,958977,595629,1554606
04/30/2003,W,828642,567596,1396238
05/01/2003,W,971218,597161,1568379
05/02/2003,W,1039212,616460,1655672
05/03/2003,A,645503,335590,981093
05/04/2003,U,395799,214366,610165
05/05/2003,W,1006467,608082,1614549
05/06/2003,W,1007795,626276,1634071
05/07/2003,W,977279,610370,1587649
05/08/2003,W,984692,605164,1589856
05/09/2003,W,992211,616706,1608917
05/10/2003,A,577508,301857,879365
05/11/2003,U,322449,193398,515847
05/12/2003,W,956974,580553,1537527
05/13/2003,W,981698,602563,1584261
05/14/2003,W,911890,583198,1495088
05/15/2003,W,971525,598384,1569909
05/16/2003,W,999630,589910,1589540
05/17/2003,A,614484,304723,919207
05/18/2003,U,403043,207860,610903
05/19/2003,W,961806,579665,1541471
05/20/2003,W,966295,594508,1560803
05/21/2003,W,992696,592768,1585464
05/22/2003,W,967683,590893,1558576
05/23/2003,W,969112,575372,1544484
05/24/2003,A,591523,301068,892591
05/25/2003,U,408454,223466,631920
05/26/2003,U,380796,224023,604819
05/27/2003,W,961009,597804,1558813
05/28/2003,W,910537,586704,1497241
05/29/2003,W,961715,595331,1557046
05/30/2003,W,988281,613622,1601903
05/31/2003,A,575015,318134,893149
06/01/2003,U,422827,245291,668118
06/02/2003,W,978201,583126,1561327
06/03/2003,W,992041,610279,1602320
06/04/2003,W,997077,615414,1612491
06/05/2003,W,991907,622481,1614388
06/06/2003,W,962917,615632,1578549
06/07/2003,A,634650,354198,988848
06/08/2003,U,380953,229228,610181
06/09/2003,W,987516,590887,1578403
06/10/2003,W,940459,596552,1537011
06/11/2003,W,961149,607043,1568192
06/12/2003,W,969572,604883,1574455
06/13/2003,W,976147,592987,1569134
06/14/2003,A,626911,320029,946940
06/15/2003,U,421515,221822,643337
06/16/2003,W,955066,581387,1536453
06/17/2003,W,965718,601420,1567138
06/18/2003,W,897454,587986,1485440
06/19/2003,W,946693,596124,1542817
06/20/2003,W,938177,611219,1549396
06/21/2003,A,610796,345895,956691
06/22/2003,U,423283,242077,665360
06/23/2003,W,855955,568379,1424334
06/24/2003,W,928442,620552,1548994
06/25/2003,W,841205,603880,1445085
06/26/2003,W,833307,600660,1433967
06/27/2003,W,890776,661150,1551926
06/28/2003,A,561500,350162,911662
06/29/2003,U,421380,329753,751133
06/30/2003,W,884729,611874,1496603
07/01/2003,W,957351,634210,1591561
07/02/2003,W,936777,640212,1576989
07/03/2003,W,983110,790702,1773812
07/04/2003,U,471591,347887,819478
07/05/2003,A,549605,363309,912914
07/06/2003,U,389816,269228,659044
07/07/2003,W,852771,569437,1422208
07/08/2003,W,846175,579733,1
